Room Name,Length,Width,Height,a,Volume,T60s
small-Room001,8.33,9.15,2.38,0.75,181.40241,0.1591874999999999
small-Room002,1.01,2.7,2.43,0.36,6.626610000000001,0.1036874999999999
small-Room003,4.83,3.7,2.82,0.59,50.39622000000001,0.1419375
small-Room004,2.99,3.53,4.33,0.45,45.701851000000005,0.1520625
small-Room005,7.94,9.17,3.05,0.43,222.06989,0.3376875
small-Room006,1.52,8.43,2.27,0.32,29.086872,0.28725
small-Room007,8.64,5.01,4.15,0.59,179.63856,0.216375
small-Room008,5.12,4.82,3.46,0.74,85.38726400000002,0.1042499999999999
small-Room009,1.28,5.67,4.65,0.26,33.747840000000004,0.234
small-Room010,7.66,8.37,4.88,0.58,312.877296,0.26625
small-Room011,2.12,6.6,3.81,0.61,53.30952,0.14775
small-Room012,5.24,2.29,2.9,0.24,34.79884,0.181875
small-Room013,5.02,3.51,4.76,0.78,83.87215199999999,0.090375
small-Room014,4.93,5.66,4.01,0.42,111.894238,0.2124375
small-Room015,5.66,4.56,4.91,0.36,126.725136,0.2163749999999999
small-Room016,8.99,8.66,4.54,0.38,353.45443600000004,0.3740625
small-Room017,6.31,2.74,4.11,0.76,71.05943400000001,0.1029375
small-Room018,8.97,8.0,3.14,0.42,225.32640000000004,0.34275
small-Room019,9.94,4.44,3.15,0.57,139.02084,0.2135625
small-Room020,5.04,6.74,3.44,0.28,116.855424,0.2435625
small-Room021,5.64,4.99,3.86,0.72,108.634296,0.1160625
small-Room022,5.16,3.39,4.73,0.71,82.739052,0.11625
small-Room023,8.06,3.99,2.57,0.48,82.649658,0.23775
small-Room024,4.87,1.96,3.62,0.72,34.553624,0.08925
small-Room025,7.27,7.88,3.51,0.75,201.07947599999997,0.1509375
small-Room026,6.5,5.55,4.5,0.65,162.33749999999998,0.1846874999999999
small-Room027,7.37,5.31,4.22,0.3,165.14843399999998,0.262875
small-Room028,8.36,1.83,2.01,0.47,30.750587999999997,0.23625
small-Room029,2.94,3.53,3.8,0.52,39.43716,0.1395
small-Room030,8.47,1.31,4.71,0.61,52.260747,0.1935
small-Room031,2.03,8.77,3.39,0.78,60.35250899999999,0.1070625
small-Room032,8.83,1.32,3.88,0.47,45.223728,0.270375
small-Room033,1.02,2.96,2.76,0.3,8.332991999999999,0.1139999999999999
small-Room034,8.28,6.57,4.72,0.39,256.76611199999996,0.3159375
small-Room035,6.4,6.04,4.83,0.38,186.70848000000004,0.252375
small-Room036,1.23,8.63,3.49,0.54,37.046001,0.2141249999999999
small-Room037,2.58,5.23,4.26,0.7,57.481884,0.1100625
small-Room038,3.28,4.99,2.13,0.38,34.862136,0.1649999999999999
small-Room039,5.63,1.53,2.33,0.36,20.070387,0.1936874999999999
small-Room040,5.99,2.11,3.56,0.67,44.994484,0.1175625
small-Room041,2.45,3.87,2.09,0.73,19.816335,0.072375
small-Room042,2.74,7.71,3.12,0.63,65.91124800000001,0.1402499999999999
small-Room043,1.23,8.26,3.2,0.77,32.511359999999996,0.1160625
small-Room044,3.35,8.21,3.83,0.72,105.338405,0.134625
small-Room045,5.51,2.79,2.91,0.59,44.735139,0.1351875
small-Room046,9.37,6.51,4.53,0.59,276.32411099999996,0.252
small-Room047,4.48,2.55,3.61,0.33,41.24064,0.1619999999999999
small-Room048,6.93,9.71,2.51,0.77,168.898653,0.1554375
small-Room049,7.38,3.67,4.04,0.48,109.421784,0.222
small-Room050,2.12,5.64,3.47,0.43,41.490096,0.1809375
small-Room051,4.57,1.68,4.58,0.75,35.163408000000004,0.0851249999999999
small-Room052,1.12,6.16,3.95,0.24,27.25184,0.2484374999999999
small-Room053,2.92,3.22,4.74,0.39,44.567376,0.1591874999999999
small-Room054,3.62,1.9,4.15,0.55,28.5437,0.1336875
small-Room055,8.63,5.65,4.47,0.68,217.95496500000004,0.1736249999999999
small-Room056,8.64,3.7,4.63,0.43,148.01184,0.278625
small-Room057,5.95,1.1,2.95,0.58,19.30775,0.1426875
small-Room058,7.9,9.69,3.01,0.41,230.41851,0.3586875
small-Room059,8.77,5.57,2.03,0.32,99.163267,0.3136875
small-Room060,2.97,3.38,4.56,0.74,45.776016,0.08775
small-Room061,9.17,2.31,3.43,0.44,72.656661,0.2803124999999999
small-Room062,8.24,3.73,4.35,0.46,133.69812,0.2435625
small-Room063,5.71,3.17,3.46,0.75,62.628422,0.096
small-Room064,6.8,8.75,4.91,0.55,292.145,0.276
small-Room065,3.01,6.99,2.79,0.55,58.701321,0.1685625
small-Room066,9.14,5.47,2.67,0.27,133.488786,0.348
small-Room067,4.22,3.71,2.44,0.59,38.201128,0.127875
small-Room068,8.53,4.46,2.33,0.74,88.642054,0.141375
small-Room069,8.92,5.49,3.74,0.22,183.150792,0.3155625
small-Room070,3.25,4.54,3.76,0.48,55.4788,0.161625
small-Room071,4.84,9.14,2.29,0.34,101.304104,0.3225
small-Room072,9.37,7.94,2.68,0.77,199.386104,0.153
small-Room073,6.8,9.28,3.15,0.2,198.7776,0.3495
small-Room074,8.2,8.66,2.22,0.5,157.64664000000002,0.304125
small-Room075,3.07,6.8,4.01,0.49,83.71275999999999,0.1998749999999999
small-Room076,6.82,5.63,2.59,0.61,99.447194,0.1725
small-Room077,2.22,3.57,4.29,0.24,33.999966,0.1468124999999999
small-Room078,2.87,6.35,4.0,0.71,72.898,0.112875
small-Room079,4.23,1.89,4.55,0.5,36.375885,0.1606874999999999
small-Room080,5.54,7.7,2.35,0.62,100.2463,0.1790625
small-Room081,8.15,3.48,4.53,0.29,128.47986,0.3016875
small-Room082,3.34,7.01,2.97,0.69,69.53779800000001,0.1235625
small-Room083,9.79,4.86,4.99,0.73,237.421206,0.1618125
small-Room084,3.52,6.9,2.63,0.33,63.87744,0.23175
small-Room085,7.32,1.41,2.53,0.76,26.112635999999995,0.115875
small-Room086,3.39,9.25,3.96,0.6,124.1757,0.1848749999999999
small-Room087,5.78,4.94,4.63,0.45,132.20131600000002,0.2180624999999999
small-Room088,4.49,9.98,4.29,0.8,192.235758,0.1434375
small-Room089,8.46,8.82,2.2,0.65,164.15784000000005,0.2203125
small-Room090,8.26,1.97,2.91,0.7,47.352101999999995,0.1340625
small-Room091,9.35,1.77,4.65,0.79,76.955175,0.1245
small-Room092,7.63,8.69,3.87,0.53,256.59918899999997,0.2705625
small-Room093,1.07,8.0,2.62,0.54,22.427200000000003,0.19125
small-Room094,2.92,8.55,3.72,0.6,92.87352,0.1704375
small-Room095,5.48,5.55,2.36,0.54,71.77704,0.1861875
small-Room096,9.87,7.57,4.66,0.8,348.176094,0.1576874999999999
small-Room097,4.0,1.18,3.47,0.49,16.3784,0.13725
small-Room098,7.25,4.33,3.9,0.77,122.43075,0.115125
small-Room099,1.27,9.26,3.36,0.4,39.514272,0.2934375
small-Room100,8.32,2.63,4.39,0.33,96.060224,0.28875
small-Room101,6.87,8.9,4.17,0.59,254.96631,0.2405624999999999
small-Room102,2.03,4.45,3.73,0.77,33.694955,0.076125
small-Room103,8.06,3.13,2.73,0.65,68.87189400000001,0.1515
small-Room104,3.09,2.81,4.14,0.4,35.947205999999994,0.1471875
small-Room105,2.01,8.63,3.64,0.3,63.140532,0.307875
small-Room106,9.99,2.86,2.47,0.27,70.571358,0.3815625
small-Room107,5.96,5.62,3.43,0.44,114.888536,0.2264999999999999
small-Room108,5.57,2.99,3.07,0.41,51.12870100000001,0.1794375
small-Room109,6.0,2.37,4.35,0.24,61.857,0.2135624999999999
small-Room110,7.88,7.93,3.45,0.53,215.58498,0.268875
small-Room111,6.94,4.05,3.03,0.36,85.16421,0.2332499999999999
small-Room112,9.76,4.53,2.87,0.23,126.890736,0.3710625
small-Room113,1.88,7.0,2.51,0.5,33.0316,0.2180625
small-Room114,7.44,6.19,3.8,0.22,175.00368,0.2791875
small-Room115,2.94,5.03,2.86,0.32,42.294252,0.164625
small-Room116,6.5,9.97,4.1,0.61,265.7005,0.2390624999999999
small-Room117,5.71,2.09,4.5,0.58,53.702549999999995,0.1659375
small-Room118,4.22,6.51,3.57,0.78,98.075754,0.1021874999999999
small-Room119,3.51,2.12,2.44,0.32,18.156528,0.1181249999999999
small-Room120,5.98,4.57,2.92,0.26,79.79951200000001,0.2098124999999999
small-Room121,9.97,3.23,4.82,0.55,155.218942,0.2559374999999999
small-Room122,8.34,5.99,2.43,0.32,121.394538,0.3208125
small-Room123,8.6,3.24,4.83,0.33,134.58312,0.291
small-Room124,4.51,7.23,2.35,0.67,76.627155,0.139875
small-Room125,7.1,7.85,4.07,0.76,226.84145,0.1402499999999999
small-Room126,5.41,4.27,2.89,0.66,66.76102300000001,0.123
small-Room127,1.11,9.52,3.89,0.32,41.106408,0.3410624999999999
small-Room128,6.24,1.58,2.51,0.34,24.746592,0.2041875
small-Room129,3.21,8.13,4.59,0.26,119.786607,0.290625
small-Room130,9.4,3.94,2.84,0.65,105.18224,0.174
small-Room131,1.84,5.39,2.25,0.33,22.3146,0.1850624999999999
small-Room132,5.47,7.07,2.58,0.49,99.776082,0.24225
small-Room133,6.89,6.88,2.62,0.64,124.196384,0.1811249999999999
small-Room134,4.07,2.1,3.04,0.62,25.98288,0.1036875
small-Room135,7.63,2.07,4.32,0.21,68.230512,0.2889374999999999
small-Room136,9.86,7.61,3.72,0.22,279.128712,0.365625
small-Room137,1.74,8.97,2.9,0.41,45.26262,0.2806875
small-Room138,1.95,3.43,3.71,0.67,24.814335,0.092625
small-Room139,9.41,1.26,4.05,0.27,48.01923,0.36225
small-Room140,3.18,9.08,2.02,0.61,58.326288000000005,0.1693124999999999
small-Room141,3.09,8.18,4.13,0.53,104.390706,0.2233124999999999
small-Room142,3.01,3.3,4.67,0.33,46.38710999999999,0.1621875
small-Room143,4.95,7.47,4.51,0.29,166.764015,0.271125
small-Room144,2.22,9.3,4.65,0.44,96.00390000000004,0.29475
small-Room145,7.13,6.29,3.68,0.61,165.039536,0.1981875
small-Room146,7.21,9.49,2.2,0.7,150.53038,0.1809374999999999
small-Room147,4.51,9.42,3.9,0.53,165.68837999999997,0.2596875
small-Room148,3.07,2.42,2.25,0.44,16.71615,0.1070624999999999
small-Room149,7.93,5.82,2.37,0.57,109.381662,0.2173125
small-Room150,7.48,6.3,2.47,0.23,116.39628000000002,0.2938125
small-Room151,4.69,5.73,2.3,0.61,61.80951,0.1453125
small-Room152,3.02,1.89,2.63,0.52,15.011513999999998,0.103875
small-Room153,2.37,8.24,4.84,0.57,94.519392,0.2019375
small-Room154,3.23,8.16,3.85,0.77,101.47368,0.1254375
small-Room155,3.93,3.79,4.87,0.62,72.537189,0.1456875
small-Room156,2.01,7.02,4.94,0.3,69.704388,0.26175
small-Room157,3.27,7.68,2.26,0.69,56.75673599999999,0.1269375
small-Room158,5.75,6.96,4.59,0.64,183.6918,0.18825
small-Room159,3.23,3.71,2.15,0.46,25.764095,0.1340624999999999
small-Room160,5.61,4.33,2.43,0.43,59.027859000000014,0.1996875
small-Room161,1.57,8.5,2.93,0.48,39.10085,0.24075
small-Room162,3.45,3.41,4.49,0.74,52.82260500000001,0.0890624999999999
small-Room163,4.86,9.34,3.96,0.35,179.753904,0.3189375
small-Room164,6.18,8.04,2.97,0.27,147.57098399999998,0.3061875
small-Room165,4.32,6.05,3.93,0.22,102.71448,0.1970625
small-Room166,6.27,6.41,5.0,0.47,200.9535,0.25275
small-Room167,7.17,5.05,2.71,0.64,98.125035,0.165
small-Room168,1.02,5.79,4.76,0.39,28.111608,0.222375
small-Room169,8.91,7.02,4.12,0.77,257.698584,0.1471875
small-Room170,2.55,1.93,4.4,0.63,21.6546,0.09525
small-Room171,1.19,8.37,2.76,0.25,27.49042799999999,0.3346875
small-Room172,7.2,3.16,3.74,0.31,85.09248000000001,0.24675
small-Room173,7.46,9.43,2.97,0.54,208.932966,0.2814375
small-Room174,8.26,7.96,4.07,0.45,267.60087200000004,0.31875
small-Room175,4.61,8.67,2.62,0.42,104.71799400000002,0.2743125
small-Room176,4.86,6.5,3.47,0.74,109.6173,0.1156875
small-Room177,2.33,7.05,2.06,0.6,33.83859,0.139875
small-Room178,5.05,1.73,2.87,0.63,25.073755,0.106125
small-Room179,9.7,3.29,3.24,0.29,103.39812,0.364875
small-Room180,2.86,5.06,2.92,0.75,42.257071999999994,0.08775
small-Room181,4.37,8.69,4.61,0.56,175.066133,0.23925
small-Room182,1.63,7.86,2.86,0.75,36.641748,0.1254375
small-Room183,8.88,9.64,2.8,0.44,239.68896000000004,0.354
small-Room184,2.46,4.8,3.44,0.56,40.61952,0.1464375
small-Room185,9.13,5.08,2.32,0.57,107.602528,0.24
small-Room186,7.32,7.76,3.64,0.77,206.763648,0.1357499999999999
small-Room187,7.3,5.75,4.14,0.38,173.7765,0.27525
small-Room188,7.47,6.69,3.46,0.49,172.911078,0.2608125
small-Room189,8.72,6.23,2.46,0.26,133.64097600000002,0.337875
small-Room190,9.14,6.64,4.22,0.75,256.11011199999996,0.1573125
small-Room191,8.05,6.95,3.69,0.51,206.446275,0.2641875
small-Room192,1.61,9.6,3.53,0.44,54.55967999999999,0.2900625
small-Room193,8.2,1.89,2.69,0.59,41.68961999999999,0.1736249999999999
small-Room194,7.8,4.77,4.99,0.73,185.65794,0.1455
small-Room195,6.73,1.4,2.09,0.28,19.69198,0.2375625
small-Room196,6.96,8.33,4.18,0.28,242.343024,0.3183749999999999
small-Room197,9.16,1.4,2.64,0.8,33.855360000000005,0.123
small-Room198,6.16,5.84,4.29,0.69,154.33017600000002,0.1449375
small-Room199,6.63,6.24,4.01,0.55,165.898512,0.219375
small-Room200,8.09,1.94,4.47,0.54,70.154862,0.2144999999999999
medium-Room001,26.29,28.12,2.38,0.75,1759.474024,0.7417499999999999
medium-Room002,25.69,15.83,3.81,0.78,1549.422987,0.6343125000000001
medium-Room003,25.33,26.97,4.75,0.79,3244.962975,1.2937500000000002
medium-Room004,16.93,22.46,4.39,0.65,1669.2878419999995,0.5775
medium-Room005,29.95,20.22,4.62,0.24,2797.82118,1.1836875
medium-Room006,14.39,11.66,4.85,0.21,813.76889,0.615375
medium-Room007,15.91,10.97,3.33,0.67,581.193891,0.2881875
medium-Room008,18.93,26.22,2.43,0.78,1206.117378,0.6195
medium-Room009,10.17,28.57,3.56,0.48,1034.382564,0.7713750000000001
medium-Room010,10.61,26.17,2.14,0.6,594.200318,0.4554374999999999
medium-Room011,26.87,14.31,4.15,0.72,1595.715255,0.7841250000000001
medium-Room012,24.66,22.04,3.35,0.75,1820.74644,0.6656249999999999
medium-Room013,14.12,24.6,2.94,0.27,1021.21488,1.011375
medium-Room014,13.0,16.42,3.78,0.29,806.8788000000001,0.7764375
medium-Room015,25.69,26.04,3.39,0.71,2267.800164,1.093125
medium-Room016,20.63,22.88,3.22,0.36,1519.886368,0.983625
medium-Room017,27.68,22.63,3.87,0.59,2424.161808,0.8968125
medium-Room018,21.95,21.67,2.34,0.44,1113.03621,0.7700625000000001
medium-Room019,27.87,25.42,4.38,0.33,3103.0346520000003,1.32375
medium-Room020,16.35,28.9,3.86,0.48,1823.9079,0.8139374999999999
medium-Room021,22.3,28.55,4.87,0.68,3100.5585500000007,1.01775
medium-Room022,15.64,18.44,3.96,0.75,1142.070336,0.348
medium-Room023,29.57,15.52,2.13,0.72,977.513232,0.5583750000000001
medium-Room024,21.7,21.5,2.62,0.23,1222.361,1.12425
medium-Room025,13.31,29.83,2.2,0.66,873.4820600000002,0.5345625
medium-Room026,22.94,24.62,4.59,0.21,2592.3530520000004,1.2444375
medium-Room027,18.69,26.4,3.66,0.67,1805.90256,0.7430625
medium-Room028,26.77,27.93,3.46,0.35,2586.993906,1.2688125
medium-Room029,25.68,10.17,4.28,0.4,1117.788768,0.807375
medium-Room030,29.17,20.48,2.98,0.49,1780.2567680000002,0.9016875
medium-Room031,20.68,18.63,4.67,0.29,1799.2034279999998,0.9446249999999998
medium-Room032,29.01,19.93,3.73,0.79,2156.571489,1.10475
medium-Room033,25.15,23.56,2.81,0.57,1665.0205399999998,0.768375
medium-Room034,20.29,17.05,3.91,0.36,1352.6429950000002,0.8384999999999999
medium-Room035,19.79,27.72,5.0,0.67,2742.894,0.8724375
medium-Room036,13.91,10.26,4.84,0.52,690.748344,0.4348125
medium-Room037,14.36,19.39,4.38,0.55,1219.568952,0.5615625
medium-Room038,15.7,12.45,3.44,0.5,672.3995999999999,0.499875
medium-Room039,11.58,13.9,4.26,0.52,685.69812,0.454875
medium-Room040,29.58,27.04,3.49,0.73,2791.4527679999997,1.047
medium-Room041,19.53,21.86,4.81,0.21,2053.513098,1.0903125
medium-Room042,28.43,25.15,4.79,0.7,3424.919455,0.994125
medium-Room043,28.42,11.33,4.89,0.72,1574.573154,0.4689375
medium-Room044,26.18,24.0,4.93,0.76,3097.6175999999996,0.873
medium-Room045,15.98,24.28,3.24,0.75,1257.1018560000002,0.8163749999999999
medium-Room046,14.86,22.12,3.3,0.46,1084.72056,0.6568125
medium-Room047,10.01,27.24,2.96,0.32,807.1103039999999,0.8872500000000001
medium-Room048,27.78,22.24,4.93,0.54,3045.8880959999997,0.9405
medium-Room049,19.85,23.34,3.15,0.35,1459.39185,1.0269375
medium-Room050,29.65,27.98,3.36,0.2,2787.47952,1.5519375000000002
medium-Room051,19.53,13.56,4.0,0.45,1059.3072000000002,0.6376875000000001
medium-Room052,23.38,12.0,4.32,0.2,1212.0192000000002,0.9481875
medium-Room053,22.03,26.22,4.45,0.24,2570.4383700000003,1.2496875
medium-Room054,11.86,29.76,4.95,0.73,1747.12032,0.5146875
medium-Room055,20.82,16.75,2.45,0.36,854.4007500000001,0.8454374999999998
medium-Room056,21.63,15.68,4.79,0.42,1624.568736,0.7411874999999999
medium-Room057,12.11,19.26,4.5,0.34,1049.5737,0.703875
medium-Room058,18.78,24.02,2.17,0.32,978.877452,1.02525
medium-Room059,26.45,15.42,3.54,0.2,1443.82086,1.1158125
medium-Room060,21.38,17.63,3.19,0.22,1202.4047859999998,1.0545
medium-Room061,25.7,21.26,4.86,0.42,2655.4165200000007,0.9016875
medium-Room062,14.05,26.16,2.01,0.74,738.7714799999999,0.4546875
medium-Room063,13.81,25.65,3.96,0.48,1402.73694,0.625125
medium-Room064,24.6,24.57,4.45,0.6,2689.6779,0.7299375
medium-Room065,11.16,29.34,3.0,0.52,982.3032,0.552375
medium-Room066,15.09,19.83,4.86,0.43,1454.280642,0.7010624999999999
medium-Room067,26.73,20.87,4.42,0.42,2465.719542,1.0455
medium-Room068,18.18,29.61,4.15,0.34,2233.98567,1.1205
medium-Room069,19.69,29.84,3.36,0.76,1974.166656,1.11825
medium-Room070,24.95,20.4,3.22,0.55,1638.9156,0.5535
medium-Room071,17.7,27.6,4.23,0.65,2066.4396,0.7899374999999998
medium-Room072,24.32,17.3,4.31,0.58,1813.37216,0.6196875
medium-Room073,16.57,22.11,2.34,0.41,857.288718,0.767625
medium-Room074,19.94,22.54,4.98,0.39,2238.249048,0.8999999999999999
medium-Room075,10.78,10.49,4.56,0.31,515.6548319999999,0.4571249999999999
medium-Room076,19.71,21.34,3.78,0.44,1589.9110919999998,0.73275
medium-Room077,24.1,15.05,2.94,0.41,1066.3527,0.8146875
medium-Room078,24.7,13.72,4.0,0.52,1355.536,0.6712499999999999
medium-Room079,29.54,17.57,2.39,0.27,1240.452542,1.045875
medium-Room080,18.65,27.61,3.04,0.52,1565.3765599999997,0.7777499999999999
medium-Room081,18.24,21.71,4.32,0.4,1710.678528,0.8216249999999999
medium-Room082,26.63,20.72,2.69,0.35,1484.270984,0.95775
medium-Room083,12.34,20.76,4.51,0.53,1155.364584,0.6307499999999999
medium-Room084,17.04,24.71,2.92,0.39,1229.490528,0.8578125000000001
medium-Room085,11.12,20.17,2.96,0.73,663.899584,0.3461249999999999
medium-Room086,21.09,24.71,4.79,0.72,2496.231381,0.9157499999999998
medium-Room087,19.09,23.1,2.85,0.22,1256.7901500000005,1.1330625
medium-Room088,25.48,10.91,4.01,0.43,1114.727068,0.65925
medium-Room089,26.01,29.51,2.71,0.61,2080.074321,1.131
medium-Room090,29.3,25.53,2.58,0.58,1929.91482,0.9375
medium-Room091,28.79,10.0,3.79,0.55,1091.1409999999998,0.5895
medium-Room092,21.75,17.38,3.55,0.66,1341.9532499999998,0.477
medium-Room093,22.18,26.25,4.03,0.58,2346.36675,0.7438125
medium-Room094,29.4,15.7,4.07,0.43,1878.6306,0.9568125
medium-Room095,23.14,28.7,3.74,0.51,2483.8013200000005,0.8025
medium-Room096,26.33,13.1,2.89,0.42,996.8274699999998,0.8639999999999999
medium-Room097,29.52,25.86,3.92,0.7,2992.477824,0.9129375000000002
medium-Room098,22.65,20.51,2.97,0.46,1379.717955,0.8045625000000001
medium-Room099,17.99,14.19,4.44,0.75,1133.434764,0.3095625
medium-Room100,22.24,16.32,3.43,0.47,1244.941824,0.6969375
medium-Room101,10.38,27.8,2.26,0.46,652.15464,0.7485
medium-Room102,19.72,10.05,3.46,0.42,685.72356,0.6253124999999999
medium-Room103,21.29,15.49,3.56,0.29,1174.024276,0.9174375
medium-Room104,15.3,17.82,3.21,0.28,875.19366,0.8405625000000001
medium-Room105,28.08,19.02,3.4,0.31,1815.87744,1.04325
medium-Room106,12.51,20.6,4.58,0.71,1180.29348,0.400125
medium-Room107,29.47,16.75,4.14,0.77,2043.59715,0.9271875
medium-Room108,18.73,24.34,4.96,0.35,2261.205472,1.0016250000000002
medium-Room109,19.72,28.96,2.51,0.71,1433.4389119999998,0.4929375
medium-Room110,20.55,26.04,4.44,0.5,2375.94168,0.6575624999999999
medium-Room111,21.36,22.36,4.42,0.7,2111.034432,0.57975
medium-Room112,26.99,26.57,3.02,0.45,2165.715386,0.9785625
medium-Room113,18.06,16.67,2.04,0.7,614.162808,0.4483125
medium-Room114,17.41,22.26,4.7,0.53,1821.46902,0.581625
medium-Room115,11.88,23.07,3.66,0.61,1003.1020560000002,0.4108125
medium-Room116,19.75,18.95,4.95,0.66,1852.599375,0.6058125
medium-Room117,15.78,20.97,4.27,0.25,1412.9711819999998,1.000875
medium-Room118,29.91,29.94,3.78,0.47,3385.0104119999996,0.7209375
medium-Room119,20.56,14.04,3.75,0.61,1082.484,0.4996875
medium-Room120,12.36,23.89,3.0,0.74,885.8412,0.368625
medium-Room121,14.84,25.4,2.49,0.66,938.57064,0.603
medium-Room122,27.18,13.82,3.82,0.49,1434.897432,0.584625
medium-Room123,10.23,25.8,2.98,0.5,786.5233200000001,0.5368125
medium-Room124,18.32,15.41,2.97,0.41,838.464264,0.6301874999999999
medium-Room125,25.86,28.8,3.05,0.42,2271.5424,1.017375
medium-Room126,14.29,10.01,3.55,0.64,507.8022949999999,0.2848125
medium-Room127,16.01,10.73,2.81,0.27,482.722313,0.7064999999999999
medium-Room128,12.79,24.42,2.88,0.75,899.5155839999999,0.403125
medium-Room129,27.17,24.17,3.39,0.45,2226.2092710000006,0.9718125000000002
medium-Room130,12.63,26.22,2.84,0.61,940.4904239999998,0.5760000000000001
medium-Room131,16.99,13.76,2.66,0.8,621.861184,0.2891249999999999
medium-Room132,16.33,21.7,4.19,0.5,1484.7725899999998,0.6975
medium-Room133,15.22,23.54,2.39,0.74,856.286332,0.4698749999999999
medium-Room134,26.55,29.35,2.15,0.56,1675.3713750000002,1.010625
medium-Room135,29.26,10.41,4.29,0.57,1306.719414,0.5308125
medium-Room136,21.92,11.94,3.65,0.34,955.29552,0.7942499999999999
medium-Room137,19.27,27.85,2.86,0.26,1534.87477,1.232625
medium-Room138,19.51,12.91,2.0,0.43,503.74820000000005,0.6549375
medium-Room139,13.73,18.02,2.19,0.34,541.837974,0.7048125
medium-Room140,12.85,14.09,4.17,0.57,755.005605,0.4297499999999999
medium-Room141,16.57,11.6,4.66,0.76,895.70792,0.2859375
medium-Room142,16.67,12.17,4.03,0.23,817.5818170000001,0.6924375
medium-Room143,19.51,25.1,3.1,0.5,1518.0731000000003,0.8098125
medium-Room144,16.57,19.37,3.96,0.4,1271.005164,0.7516875000000001
medium-Room145,29.86,24.26,3.04,0.41,2202.186944,1.18575
medium-Room146,11.92,21.54,3.95,0.78,1014.18936,0.3489375
medium-Room147,23.86,10.7,4.29,0.54,1095.2455799999998,0.4914374999999999
medium-Room148,28.98,16.77,4.4,0.27,2138.37624,1.1775
medium-Room149,16.9,12.74,2.14,0.55,460.75484,0.47175
medium-Room150,25.44,16.24,2.21,0.33,913.051776,0.8998124999999999
medium-Room151,22.05,12.36,3.09,0.37,842.14242,0.7683750000000001
medium-Room152,25.38,18.05,3.4,0.56,1557.5705999999998,0.7076250000000001
medium-Room153,23.34,18.42,2.63,0.66,1130.696964,0.5137499999999999
medium-Room154,12.05,16.85,3.97,0.36,806.0787250000001,0.6301875
medium-Room155,28.4,21.82,4.55,0.41,2819.5804,0.986625
medium-Room156,17.85,27.33,4.87,0.39,2375.7832350000003,1.045875
medium-Room157,11.96,12.9,2.42,0.38,373.3672800000001,0.5589375
medium-Room158,28.51,11.9,2.22,0.61,753.1771800000001,0.6785625
medium-Room159,18.46,25.32,2.53,0.51,1182.540216,0.7685624999999998
medium-Room160,18.55,22.77,3.66,0.79,1545.92361,0.6339374999999999
medium-Room161,15.68,14.16,2.87,0.51,637.222656,0.5161875
medium-Room162,10.4,11.8,3.05,0.51,374.296,0.3845625
medium-Room163,12.34,27.13,2.17,0.5,726.481714,0.5411250000000001
medium-Room164,12.71,23.12,3.2,0.33,940.33664,0.857625
medium-Room165,25.45,27.24,3.52,0.76,2440.2681599999996,0.8675625
medium-Room166,11.17,28.8,2.67,0.63,858.9283200000001,0.4918125
medium-Room167,28.77,22.95,2.94,0.76,1941.19821,0.7678125000000001
medium-Room168,11.76,22.49,2.64,0.73,698.233536,0.4441875
medium-Room169,16.98,12.76,2.43,0.73,526.4954640000001,0.294375
medium-Room170,21.68,28.25,2.41,0.6,1476.0286,0.8548124999999999
medium-Room171,21.86,12.48,2.19,0.29,597.460032,0.8555625
medium-Room172,14.86,29.88,2.35,0.34,1043.43948,1.0438125
medium-Room173,16.55,12.26,2.65,0.55,537.69295,0.474375
medium-Room174,15.41,24.88,4.65,0.29,1782.81372,0.928875
medium-Room175,11.61,11.53,3.66,0.55,489.939678,0.3691875
medium-Room176,25.21,25.29,3.66,0.44,2333.472894,1.0501875
medium-Room177,28.29,22.47,4.21,0.43,2676.1972229999997,1.1289375
medium-Room178,10.16,23.86,2.44,0.41,591.4989439999999,0.7108125000000001
medium-Room179,29.01,25.58,3.08,0.57,2285.593464,1.0460625
medium-Room180,29.1,16.52,2.36,0.32,1134.52752,1.05225
medium-Room181,18.48,22.44,2.66,0.5,1103.078592,0.735375
medium-Room182,26.38,14.86,3.11,0.72,1219.141148,0.4815
medium-Room183,11.1,15.35,4.85,0.8,826.3672499999999,0.266625
medium-Room184,26.42,29.41,2.06,0.79,1600.645132,0.780375
medium-Room185,29.0,11.57,3.23,0.35,1083.7619000000002,0.9405
medium-Room186,22.48,27.15,3.39,0.6,2069.02548,0.8135625000000001
medium-Room187,20.47,22.76,2.18,0.69,1015.655896,0.5009999999999999
medium-Room188,22.85,11.7,4.18,0.67,1117.5021,0.39375
medium-Room189,19.22,14.61,3.29,0.44,923.845818,0.6388125
medium-Room190,25.92,20.44,2.51,0.34,1329.8100480000005,1.017375
medium-Room191,19.57,12.74,3.3,0.2,822.76194,0.8589374999999999
medium-Room192,11.54,12.31,4.06,0.36,576.7530439999999,0.5538749999999999
medium-Room193,20.45,22.72,4.8,0.63,2230.1951999999997,0.53325
medium-Room194,20.99,23.85,3.5,0.41,1752.14025,0.976875
medium-Room195,28.9,25.89,3.14,0.76,2349.41394,1.1139375
medium-Room196,19.31,11.11,2.57,0.27,551.3526369999998,0.7451249999999999
medium-Room197,16.3,18.37,2.87,0.79,859.3669700000002,0.359625
medium-Room198,18.91,29.99,4.09,0.53,2319.483581,0.796875
medium-Room199,19.62,15.39,4.41,0.22,1331.6074380000002,0.8514375000000001
medium-Room200,29.0,23.91,2.03,0.77,1407.5816999999995,1.061625
large-Room001,46.29,48.12,2.38,0.75,5301.390023999999,2.399625
large-Room002,48.96,31.64,2.32,0.29,3593.8990079999994,1.8646875
large-Room003,45.45,34.56,3.11,0.73,4885.0387200000005,2.0625
large-Room004,44.94,35.21,4.07,0.28,6440.113218,1.9363125
large-Room005,48.45,40.93,3.42,0.5,6782.06007,1.87875
large-Room006,43.15,33.22,3.3,0.5,4730.3619,1.7452500000000004
large-Room007,42.11,41.53,4.42,0.59,7729.821086000001,1.5195
large-Room008,48.09,35.84,4.18,0.4,7204.420608000001,1.9145625
large-Room009,48.09,42.67,4.72,0.58,9685.441416,1.8429374999999997
large-Room010,43.69,41.09,2.02,0.37,3626.348642,1.8183749999999996
large-Room011,37.89,31.93,2.8,0.68,3387.51756,1.3166250000000002
large-Room012,36.21,43.08,3.18,0.27,4960.567224,1.8800625
large-Room013,32.44,35.81,2.19,0.29,2544.071316,1.6569375
large-Room014,46.79,42.37,4.22,0.76,8366.117505999999,2.5576875
large-Room015,33.44,33.9,2.45,0.5,2777.3592000000003,1.144875
large-Room016,44.57,37.97,4.06,0.24,6870.830973999999,2.0368125
large-Room017,35.42,34.62,4.11,0.39,5039.848044,1.2735
large-Room018,49.15,44.97,2.62,0.6,5790.92181,2.3011875
large-Room019,47.17,30.79,3.92,0.5,5693.268056,1.7514374999999998
large-Room020,38.05,45.44,2.75,0.72,4754.727999999999,1.7551875
large-Room021,47.18,38.49,3.69,0.64,6700.885758,0.980625
large-Room022,43.8,42.56,4.33,0.72,8071.674239999999,2.1125625
large-Room023,36.61,30.3,4.43,0.64,4914.123689999999,1.6513125
large-Room024,34.19,46.73,4.57,0.66,7301.483058999999,1.81275
large-Room025,44.09,37.7,3.09,0.78,5136.17637,1.7358749999999998
large-Room026,38.42,37.92,2.31,0.49,3365.4075840000005,1.6636875000000002
large-Room027,43.18,30.39,3.79,0.4,4973.390358,1.5549375
large-Room028,40.22,32.92,3.32,0.47,4395.820768,1.3575
large-Room029,46.89,45.21,3.95,0.76,8373.592755000001,2.4819375
large-Room030,35.24,34.19,4.21,0.44,5072.442076,1.5063749999999998
large-Room031,45.54,34.98,3.6,0.24,5734.761119999999,2.1176250000000003
large-Room032,33.33,38.77,2.89,0.53,3734.469849,1.2230625
large-Room033,31.58,38.65,4.41,0.51,5382.700469999999,1.7310000000000003
large-Room034,34.52,39.52,2.13,0.69,2905.8107520000003,1.7655
large-Room035,37.26,43.79,3.21,0.34,5237.485433999999,1.6576875000000002
large-Room036,32.82,36.88,2.44,0.49,2953.3799040000004,1.3490625
large-Room037,48.3,35.45,4.56,0.24,7807.7916,2.2128750000000004
large-Room038,38.04,42.58,3.89,0.41,6300.801047999999,1.5579375000000002
large-Room039,34.62,31.28,3.51,0.34,3801.0267359999993,1.370625
large-Room040,41.76,34.33,2.1,0.8,3010.60368,1.4746875
large-Room041,39.05,45.84,4.5,0.31,8055.234,2.0049375
large-Room042,36.05,40.95,3.85,0.52,5683.552875,1.2980625
large-Room043,48.58,30.76,3.33,0.69,4976.088264,1.614
large-Room044,38.24,41.68,4.97,0.21,7921.400704,2.19225
large-Room045,42.82,41.17,4.04,0.4,7122.113576,2.1598125
large-Room046,30.55,31.03,3.18,0.78,3014.5334700000003,1.4919375
large-Room047,47.07,46.01,4.68,0.28,10135.432476,2.4830625
large-Room048,31.18,44.76,3.19,0.33,4452.017592,1.8253125
large-Room049,42.5,36.28,4.55,0.25,7015.645,2.0985
large-Room050,42.06,43.85,2.1,0.39,3873.095100000001,1.849875
large-Room051,47.33,36.45,4.29,0.73,7401.015765,2.179125
large-Room052,49.73,43.06,2.6,0.25,5567.5718799999995,2.1815625
large-Room053,37.95,44.37,4.16,0.61,7004.78064,1.8673125
large-Room054,34.86,41.39,2.2,0.32,3174.28188,1.826625
large-Room055,45.27,39.36,4.04,0.56,7198.581888000001,1.52475
large-Room056,37.54,42.98,3.43,0.26,5534.199355999999,2.1260625
large-Room057,30.58,41.26,2.92,0.47,3684.253935999999,1.354875
large-Room058,48.51,42.85,4.38,0.53,9104.50233,2.4425625
large-Room059,41.26,30.04,2.03,0.33,2516.0843119999995,1.4971875
large-Room060,38.16,47.12,4.18,0.41,7516.054655999998,2.1373124999999997
large-Room061,44.1,37.18,2.35,0.27,3853.149300000001,1.9659375
large-Room062,42.13,41.86,3.92,0.69,6913.1622560000005,1.378125
large-Room063,37.57,40.69,4.85,0.27,7414.308004999999,2.0750625
large-Room064,48.11,33.39,4.57,0.33,7341.215553000001,2.0625
large-Room065,39.87,32.03,3.13,0.34,3997.122993,1.7139375
large-Room066,36.69,41.87,2.22,0.63,3410.386866,1.2091875
large-Room067,45.65,34.74,4.32,0.25,6851.0059200000005,1.982625
large-Room068,36.3,43.57,2.45,0.41,3874.89795,1.450125
large-Room069,42.61,49.6,4.34,0.24,9172.39904,2.2708125
large-Room070,38.85,32.56,2.85,0.54,3605.124600000001,1.100625
large-Room071,45.31,41.91,3.36,0.78,6380.4454559999995,2.2543125
large-Room072,32.02,45.98,2.67,0.23,3930.986532,2.0745
large-Room073,43.42,49.58,2.33,0.71,5015.939188,2.03175
large-Room074,36.16,31.26,2.48,0.75,2803.2967679999997,1.661625
large-Room075,30.63,36.98,2.91,0.33,3296.1494339999995,1.57275
large-Room076,42.04,44.56,3.62,0.64,6781.354688,1.5568125000000002
large-Room077,48.34,38.78,3.13,0.61,5867.576876,2.279625
large-Room078,41.11,32.09,4.95,0.65,6530.138505000001,0.700875
large-Room079,42.56,48.6,2.58,0.29,5336.513280000001,2.2216875
large-Room080,45.84,30.13,2.61,0.28,3604.825512,1.8958125
large-Room081,37.34,32.59,2.62,0.51,3188.3057720000006,1.4315625
large-Room082,39.04,45.92,4.14,0.32,7421.847551999999,1.725375
large-Room083,44.4,32.08,2.52,0.35,3589.3670399999996,1.673625
large-Room084,47.9,48.24,3.25,0.68,7509.762,1.8320624999999997
large-Room085,42.47,44.34,2.04,0.62,3841.564392,1.7570625
large-Room086,40.49,43.81,4.1,0.6,7272.85429,1.7795625000000004
large-Room087,39.34,30.77,3.51,0.62,4248.826218,1.5601875
large-Room088,36.67,41.03,4.06,0.72,6108.554606,1.8855
large-Room089,46.14,30.17,4.56,0.45,6347.719728,1.851
large-Room090,44.7,42.57,4.86,0.53,9247.991940000002,2.4106875
large-Room091,35.94,33.4,3.31,0.41,3973.31076,1.6156875
large-Room092,32.01,41.95,4.18,0.57,5612.9855099999995,1.761375
large-Room093,49.04,34.17,3.59,0.62,6015.751512000001,1.821
large-Room094,45.32,32.4,3.17,0.33,4654.72656,1.8673125
large-Room095,35.77,47.32,4.47,0.42,7566.084708,2.11575
large-Room096,46.5,35.15,2.37,0.63,3873.70575,1.1789999999999998
large-Room097,46.04,45.56,4.04,0.46,8474.232896000001,2.2303125
large-Room098,45.87,31.45,2.42,0.57,3491.1198299999996,1.802625
large-Room099,42.78,43.4,4.87,0.22,9041.89524,2.2063125
large-Room100,47.72,36.84,4.43,0.22,7787.961264,2.1950625
large-Room101,39.68,31.94,4.69,0.42,5944.0084480000005,1.7445
large-Room102,35.84,34.79,2.65,0.49,3304.21504,1.2249374999999998
large-Room103,33.52,37.64,4.14,0.43,5223.408192,1.6059375
large-Room104,39.8,30.46,2.62,0.74,3176.24696,1.3228125
large-Room105,39.93,37.6,3.27,0.64,4909.47336,1.7251875
large-Room106,38.98,31.51,4.95,0.51,6079.88601,1.5652500000000005
large-Room107,31.99,44.84,3.04,0.29,4360.672064,1.9295625
large-Room108,40.95,40.69,4.06,0.75,6764.997329999999,2.1789375
large-Room109,43.01,41.57,2.05,0.68,3665.247685,1.82475
large-Room110,44.31,40.18,2.67,0.58,4753.603386,1.827
large-Room111,48.09,47.74,4.71,0.7,10813.296186,2.6205
large-Room112,45.18,33.03,2.04,0.22,3044.282616,2.116875
large-Room113,39.94,49.29,2.33,0.35,4586.937258,2.0925
large-Room114,36.64,39.42,4.73,0.79,6831.769824000001,1.6494375
large-Room115,35.94,38.36,4.19,0.36,5776.578696,1.798125
large-Room116,46.51,45.77,4.68,0.72,9962.609436,2.6236875
large-Room117,35.59,40.71,3.77,0.38,5462.235753000001,1.52625
large-Room118,48.67,36.45,2.02,0.71,3583.5234300000006,1.8665625
large-Room119,41.08,34.57,3.3,0.49,4686.447479999999,1.6299375
large-Room120,32.02,49.19,3.56,0.39,5607.227128,1.7090625
large-Room121,35.57,39.39,4.25,0.56,5954.684775,1.4103750000000002
large-Room122,39.68,44.87,4.98,0.45,8866.599168,1.392375
large-Room123,33.75,49.9,4.32,0.27,7275.42,1.807125
large-Room124,32.53,34.55,4.38,0.63,4922.73237,1.09425
large-Room125,32.41,43.27,2.03,0.74,2846.8328209999995,1.646625
large-Room126,41.28,32.18,2.77,0.4,3679.641408,1.62525
large-Room127,38.6,33.62,3.19,0.6,4139.76508,1.393875
large-Room128,39.0,44.5,3.28,0.59,5692.44,1.9258125
large-Room129,45.38,45.62,2.86,0.51,5920.873815999999,1.3768125
large-Room130,48.54,41.45,3.39,0.54,6820.622370000001,2.3754375000000003
large-Room131,48.74,35.96,2.36,0.59,4136.349344,1.254375
large-Room132,32.1,32.29,2.62,0.27,2715.65358,1.6063125
large-Room133,33.38,42.59,4.04,0.67,5743.482968000001,2.0808750000000003
large-Room134,40.71,33.37,3.16,0.38,4292.836932,1.3974375
large-Room135,34.73,42.03,3.45,0.51,5035.971554999999,1.4971875
large-Room136,38.68,30.42,2.02,0.44,2376.824112,1.213125
large-Room137,49.78,45.75,4.45,0.58,10134.58575,1.5856874999999997
large-Room138,43.05,44.08,4.18,0.74,7932.151919999998,2.4228750000000003
large-Room139,43.1,49.66,4.78,0.73,10230.85388,2.58975
large-Room140,35.15,49.33,2.7,0.54,4681.66365,1.570875
large-Room141,45.56,36.8,4.09,0.21,6857.326719999999,2.0518125000000005
large-Room142,45.38,47.79,4.19,0.67,9086.895738,2.242125
large-Room143,45.69,36.22,3.9,0.24,6454.078019999999,2.1939374999999997
large-Room144,44.62,49.33,4.79,0.44,10543.291033999998,2.392875
large-Room145,32.39,47.72,3.21,0.6,4961.539068,1.6980000000000002
large-Room146,39.53,31.84,2.63,0.67,3310.2105759999995,0.836625
large-Room147,31.41,30.0,2.03,0.72,1912.8689999999997,0.991875
large-Room148,42.96,36.57,3.95,0.67,6205.63644,1.40625
large-Room149,47.53,45.72,2.15,0.4,4672.10394,1.1979375
large-Room150,46.97,42.71,4.37,0.64,8766.607619,2.5111874999999997
large-Room151,32.83,48.71,2.89,0.24,4621.541477000001,2.0454375
large-Room152,46.53,36.39,2.47,0.52,4182.269949,1.9635
large-Room153,40.99,36.2,4.56,0.44,6766.301280000001,1.9096875
large-Room154,31.73,40.98,3.71,0.3,4824.095934,1.603875
large-Room155,32.96,38.71,4.59,0.76,5856.296544000001,1.552875
large-Room156,39.92,43.7,4.74,0.74,8268.948960000002,1.523625
large-Room157,45.26,37.82,3.11,0.33,5323.490252,1.948125
large-Room158,38.63,41.86,2.77,0.54,4479.233486000001,1.306125
large-Room159,38.66,35.22,3.09,0.41,4207.360067999999,1.4113125
large-Room160,38.0,39.34,3.37,0.2,5037.8804,2.0833125
large-Room161,39.85,41.38,4.13,0.28,6810.341090000001,1.6910625
large-Room162,47.17,48.06,2.35,0.77,5327.42697,1.89
large-Room163,44.34,33.46,3.99,0.65,5919.629436000001,2.009625
large-Room164,37.23,43.34,3.95,0.25,6373.5153900000005,2.0279999999999996
large-Room165,35.22,36.92,2.16,0.65,2808.6963840000003,1.7414999999999998
large-Room166,37.96,48.28,4.43,0.46,8118.899984,2.2314375
large-Room167,32.48,34.84,4.2,0.65,4752.73344,0.7689375
large-Room168,48.53,49.73,4.37,0.33,10546.544453,2.457375
large-Room169,32.53,36.75,3.11,0.47,3717.935025,1.4878125
large-Room170,43.61,38.99,4.31,0.39,7328.525309,2.140125
large-Room171,34.38,37.33,3.24,0.45,4158.233496000001,1.480125
large-Room172,35.44,45.26,2.27,0.31,3641.112688,2.020875
large-Room173,38.85,33.1,2.82,0.37,3626.3367,1.66425
large-Room174,42.62,47.56,3.52,0.65,7135.065344,0.8379375
large-Room175,47.45,37.66,4.59,0.22,8202.17853,2.2171875
large-Room176,34.38,49.77,3.21,0.37,5492.6072460000005,1.9970625
large-Room177,33.8,46.62,3.94,0.6,6208.478639999999,2.004375
large-Room178,44.12,35.42,2.87,0.37,4485.036248,1.546875
large-Room179,45.48,34.92,3.07,0.5,4875.656112,1.6169999999999998
large-Room180,43.43,33.04,3.58,0.34,5137.039376,1.6695
large-Room181,48.81,36.03,3.89,0.24,6841.048527000001,2.30325
large-Room182,48.28,31.94,2.14,0.53,3300.015248,1.6395
large-Room183,36.5,31.33,3.65,0.26,4173.939249999999,1.628625
large-Room184,47.16,35.16,3.59,0.26,5952.742703999999,2.086875
large-Room185,34.85,49.02,2.1,0.37,3587.5287000000008,1.7964375
large-Room186,42.94,41.16,3.63,0.31,6415.699751999999,2.143125
large-Room187,42.99,43.55,3.26,0.68,6103.419269999999,2.2905
large-Room188,34.87,31.94,3.92,0.38,4365.891376,1.6254375
large-Room189,39.89,47.37,3.07,0.73,5801.039150999999,2.3053125
large-Room190,48.66,42.97,2.33,0.67,4871.844066000001,1.3336875
large-Room191,44.66,38.24,2.11,0.35,3603.454623999999,1.993875
large-Room192,47.47,43.02,4.64,0.2,9475.619616,2.551125
large-Room193,39.36,36.6,4.1,0.35,5906.361599999999,1.878
large-Room194,42.04,36.6,4.85,0.5,7462.520399999999,1.364625
large-Room195,36.35,35.13,2.59,0.57,3307.3665450000003,1.3108125
large-Room196,46.66,32.79,2.05,0.45,3136.4618699999996,1.431
large-Room197,36.15,43.27,4.66,0.67,7289.220930000001,1.6475625000000005
large-Room198,37.01,49.49,2.67,0.47,4890.438483,1.89075
large-Room199,40.73,30.92,3.83,0.31,4823.393228,1.6063125
large-Room200,37.29,43.3,3.86,0.21,6232.5760199999995,2.161875
